{
  "best_epoch": 6,
  "peak_cpu_memory_MB": 7425.164,
  "peak_gpu_0_memory_MB": 10593,
  "peak_gpu_1_memory_MB": 31845,
  "peak_gpu_2_memory_MB": 2687,
  "peak_gpu_3_memory_MB": 12,
  "peak_gpu_4_memory_MB": 12,
  "peak_gpu_5_memory_MB": 10851,
  "peak_gpu_6_memory_MB": 8433,
  "peak_gpu_7_memory_MB": 12,
  "training_duration": "00:05:12",
  "training_start_epoch": 0,
  "training_epochs": 6,
  "epoch": 6,
  "training_AMR-2017_UAS": 0.8631340411001428,
  "training_AMR-2017_LAS": 0.8631340411001428,
  "training_AMR-2017_UEM": 0.6153236040609137,
  "training_AMR-2017_LEM": 0.6153236040609137,
  "training_AMR-2017_Label_Acc": 0.0,
  "training_AMR-2017_Average_Insides": -9.117999476306482,
  "training_AMR-2017_Loss_Minus_Insides": -87.82202240650106,
  "training_loss": -96.94002188280754,
  "training_cpu_memory_MB": 7425.164,
  "training_gpu_0_memory_MB": 10593,
  "training_gpu_1_memory_MB": 31845,
  "training_gpu_2_memory_MB": 2687,
  "training_gpu_3_memory_MB": 12,
  "training_gpu_4_memory_MB": 12,
  "training_gpu_5_memory_MB": 10851,
  "training_gpu_6_memory_MB": 8433,
  "training_gpu_7_memory_MB": 12,
  "validation_AMR-2017_UAS": 0.7887700534759359,
  "validation_AMR-2017_LAS": 0.7887700534759359,
  "validation_AMR-2017_UEM": 0.3739130434782609,
  "validation_AMR-2017_LEM": 0.3739130434782609,
  "validation_AMR-2017_Label_Acc": 0.0,
  "validation_AMR-2017_Average_Insides": -16.07229070003023,
  "validation_AMR-2017_Loss_Minus_Insides": -82.06315394108304,
  "validation_loss": -98.13544464111328,
  "best_validation_AMR-2017_UAS": 0.7887700534759359,
  "best_validation_AMR-2017_LAS": 0.7887700534759359,
  "best_validation_AMR-2017_UEM": 0.3739130434782609,
  "best_validation_AMR-2017_LEM": 0.3739130434782609,
  "best_validation_AMR-2017_Label_Acc": 0.0,
  "best_validation_AMR-2017_Average_Insides": -16.07229070003023,
  "best_validation_AMR-2017_Loss_Minus_Insides": -82.06315394108304,
  "best_validation_loss": -98.13544464111328
}